Unnamed: 0,recording_id,intervals
0,FH2369_20220203_065726,"[[1643871502.0019999, 1643871808.0019999], [1643872772.001, 1643873257.001], [1643873259.0019999, 1643873870.0019999], [1643874769.001, 1643874831.001]]"
0,FH2369_20220202_095442,"[[1643795780.8769999, 1643796816.876], [1643797906.876, 1643797992.876], [1643798637.875, 1643798697.875], [1643798807.875, 1643799292.875], [1643799293.8769999, 1643800104.876]]"
0,FH2369_20220203_062552,"[[1643869905.911, 1643870370.911], [1643870493.911, 1643870624.91]]"
0,FH2467_20220201_164838,"[[1643734572.353, 1643734590.353]]"
0,FH2467_20220204_114016,"[[1643975477.428, 1643975737.428], [1643975986.427, 1643976317.427]]"
0,FH2467_20220210_092102,"[[1644485015.798, 1644485295.797], [1644485654.797, 1644485709.797], [1644486962.727, 1644487838.726], [1644493024.824, 1644493086.824], [1644494158.817, 1644494202.817], [1644494271.817, 1644494307.817]]"
0,FH2369_20220218_133112,"[[1645191319.499, 1645192882.498], [1645192883.5, 1645194682.498], [1645194683.499, 1645195300.499], [1645195448.499, 1645196482.498], [1645196483.5, 1645196846.499], [1645196879.499, 1645197960.498], [1645198037.498, 1645198047.498], [1645198120.498, 1645198282.498]]"
0,FM1073_20220207_142111,"[[1644244957.1, 1644245300.099]]"
0,FM1073_20220208_135639,"[[1644328816.1, 1644328886.1], [1644330274.099, 1644330406.0979998], [1644330492.1, 1644331108.1]]"
0,FH2369_20220218_082442,"[[1645172693.993, 1645173807.992]]"
0,FM1073_20220215_173448,"[[1644946904.085, 1644947019.085]]"
0,FM1073_20220216_155731,"[[1645027455.023, 1645027886.023]]"
0,FM1073_20220218_084300,"[[1645174241.092, 1645174777.092]]"
0,FM1073_20220218_102135,"[[1645179704.059, 1645179766.059]]"
0,FH2467_20220219_120736,"[[1645272470.304, 1645274269.302], [1645274270.2710001, 1645276069.2700002], [1645276070.3, 1645277869.299], [1645277870.277, 1645278094.277]]"
0,FH2467_20220302_135719,"[[1646229526.696, 1646230290.696]]"
0,FH2369_20220307_095507,"[[1646647059.457, 1646647068.457], [1646648667.456, 1646648717.456], [1646648762.458, 1646649019.457]]"
0,FH2369_20220309_161245,"[[1646842926.206, 1646842984.206]]"
0,FH2369_20220310_080956,"[[1646902256.625, 1646902576.625]]"
0,FH2369_20220311_074041,"[[1646984452.564, 1646984637.564], [1646987736.5619998, 1646988051.5619998]]"
0,FH2467_20220304_063311,"[[1646375672.9, 1646375786.9], [1646382130.845, 1646382801.844]]"
0,FH2467_20220308_140750,"[[1646748564.799, 1646748673.799]]"
0,FH2467_20220310_064725,"[[1646894939.019, 1646894951.019], [1646895059.019, 1646895309.019]]"
0,FH2467_20220310_122341,"[[1646915069.056, 1646915368.055]]"
0,FH2467_20220314_135430,"[[1647268124.963, 1647268379.962]]"
0,FH2467_20220317_083832,"[[1647506414.733, 1647506715.733]]"
0,FH2467_20220317_104420,"[[1647514489.2089999, 1647514576.208], [1647516986.156, 1647517197.156]]"
0,FH2467_20220318_063500,"[[1647585479.848, 1647585550.848], [1647585771.848, 1647587111.8470001], [1647587112.8969998, 1647587144.8969998]]"
0,FM1073_20220301_134126,"[[1646142203.056, 1646142360.055], [1646143605.0540001, 1646143802.0540001]]"
0,FM1073_20220303_163059,"[[1646325067.0979998, 1646325935.0979998]]"
0,FM1073_20220304_070231,"[[1646377359.0649998, 1646378649.064]]"
0,FM1073_20220228_185128,"[[1646074338.0809999, 1646074395.0809999]]"
0,FM1073_20220303_171132,"[[1646327500.032, 1646328306.0310001]]"
0,FM1073_20220304_101428,"[[1646388877.04, 1646389719.039]]"
0,FM1073_20220303_104539,"[[1646304347.1009998, 1646304685.1], [1646304883.1, 1646305086.1]]"
0,FH2467_20220321_095650,"[[1647856971.077, 1647858034.076], [1647859563.024, 1647859658.024]]"
0,FH2467_20220323_085347,"[[1648025889.243, 1648026174.243], [1648028563.23, 1648028823.2289999]]"
0,FM1073_20220316_152544,"[[1647444528.127, 1647445377.1260002], [1647445427.1260002, 1647446150.125], [1647446151.184, 1647446823.183], [1647447731.1820002, 1647447950.1820002]]"
0,FM1073_20220317_091325,"[[1647508412.094, 1647509120.094]]"
0,FM1073_20220321_075630,"[[1647851818.0870001, 1647852308.0870001]]"
0,FM1073_20220322_101428,"[[1647946411.1, 1647946492.1]]"
0,FH2369_20220322_111446,"[[1647947943.723, 1647948221.723], [1647950079.6179998, 1647950146.6179998]]"
0,FH2369_20220323_110437,"[[1648037112.916, 1648037152.916]]"
0,FH2369_20220324_160143,"[[1648138998.076, 1648139166.076], [1648140274.076, 1648140450.076]]"
0,FH2369_20220325_164623,"[[1648226794.151, 1648228039.149], [1648228078.149, 1648228593.149], [1648228594.148, 1648229691.147]]"
0,FH2467_20220331_100703,"[[1648723085.937, 1648723303.937], [1648724234.936, 1648724296.936], [1648724441.936, 1648724562.936]]"
0,FH2467_20220331_154519,"[[1648743906.557, 1648743977.557]]"
0,FH2369_20220404_133935,"[[1649081838.2129998, 1649081917.2129998]]"
0,FH2369_20220406_035130,"[[1649217309.54, 1649218008.539], [1649219033.4689999, 1649220000.468]]"
0,FH2369_20220406_045643,"[[1649221964.1020002, 1649222160.1020002]]"
0,FH2467_20220408_120102,"[[1649419274.163, 1649419725.163], [1649419772.163, 1649419924.163], [1649420149.162, 1649420178.162], [1649421042.162, 1649421053.162]]"
0,FH2467_20220406_064536,"[[1649227763.492, 1649228008.492], [1649228056.492, 1649228224.4910002]]"
0,FH2467_20220406_104703,"[[1649242432.267, 1649243138.2659998], [1649243156.2659998, 1649243281.2659998], [1649243321.2659998, 1649243594.2659998]]"
0,FH2467_20220411_154036,"[[1649691648.957, 1649691728.957], [1649691839.957, 1649691988.957]]"
0,FM1073_20220328_123223,"[[1648470830.0579998, 1648471180.057]]"
0,FM1073_20220330_073420,"[[1648625876.121, 1648626484.12]]"
0,FM1073_20220330_143228,"[[1648652866.108, 1648653387.107]]"
0,FM1073_20220330_173417,"[[1648661798.073, 1648662017.073], [1648662099.072, 1648663420.071], [1648663893.048, 1648663956.048]]"
0,FM1073_20220331_121825,"[[1648729591.1169999, 1648730109.1169999]]"
0,FM1073_20220331_172235,"[[1648747489.0249999, 1648747641.024], [1648748355.024, 1648748428.024]]"
0,FM1073_20220404_115742,"[[1649074070.097, 1649074086.097]]"
0,FM1073_20220404_135234,"[[1649083156.095, 1649083182.095], [1649083663.095, 1649083748.095]]"
0,FM1073_20220405_035923,"[[1649131731.071, 1649132969.0700002]]"
0,FH2369_20220314_163403,"[[1647276691.412, 1647276697.412], [1647277562.411, 1647277651.411], [1647277703.411, 1647278073.411], [1647278086.411, 1647278490.4099998], [1647278699.412, 1647278869.412], [1647278873.412, 1647279180.411], [1647279228.411, 1647279459.411]]"
0,FH2369_20220316_095040,"[[1647425160.32, 1647426050.32], [1647426053.3209999, 1647426967.3209999]]"
0,FH2369_20220316_071911,"[[1647416199.838, 1647416560.838]]"
0,FH2467_20220421_072625,"[[1650526611.755, 1650527049.755], [1650529508.736, 1650529596.7350001]]"
0,FM1073_20220411_052255,"[[1649655312.1169999, 1649655624.1169999], [1649655698.1169999, 1649656381.116], [1649656686.073, 1649656770.073]]"
0,FH2467_20220428_043542,"[[1651120729.233, 1651121240.232], [1651121408.232, 1651121471.232]]"
0,FH2467_20220429_045516,"[[1651208208.8620002, 1651208423.8620002], [1651213358.856, 1651213439.856], [1651216119.8739998, 1651216152.8739998], [1651216846.8739998, 1651216897.8739998], [1651221450.824, 1651221525.823]]"
0,FM1073_20220419_190250,"[[1650395736.023, 1650396257.022]]"
0,FM1073_20220422_154822,"[[1650644949.0310001, 1650645118.0300002]]"
0,FM1073_20220427_061201,"[[1651039958.1369998, 1651040664.136], [1651040692.136, 1651040849.136]]"
0,FM1073_20220428_042343,"[[1651119877.0830002, 1651120002.0830002]]"
0,UDM523_20220324_130943,"[[1648127391.312, 1648127435.312], [1648128417.311, 1648129190.311], [1648130219.309, 1648130334.309]]"
0,FM1073_20220503_072645,"[[1651564253.053, 1651564507.053]]"
0,FM1073_20220504_094521,"[[1651660654.0860002, 1651661127.0860002]]"
0,UDM523_20220330_034120,"[[1648612176.7340002, 1648613487.733]]"
0,UDM523_20220330_232039,"[[1648682873.165, 1648684247.163], [1648684249.1820002, 1648684978.181]]"
0,FH2467_20220505_114243,"[[1651751140.869, 1651752773.868]]"
0,FH2467_20220505_093314,"[[1651743984.2940001, 1651745005.293], [1651745006.278, 1651746247.276], [1651746289.276, 1651746805.276], [1651746806.227, 1651747334.227]]"
0,FM1073_20220511_091426,"[[1652260473.094, 1652261374.093]]"
0,FM1073_20220514_055940,"[[1652507987.096, 1652508935.096], [1652508969.096, 1652509343.095], [1652509384.095, 1652509786.095], [1652509787.038, 1652510694.037]]"
0,FM1073_20220516_161613,"[[1652717780.0700002, 1652719579.068], [1652719580.1009998, 1652721379.099]]"
0,FM1073_20220520_031454,"[[1653016501.0860002, 1653016560.0860002], [1653019327.041, 1653019552.041]]"
0,FM1073_20220606_115636,"[[1654516864.127, 1654516959.127], [1654518666.106, 1654518753.106], [1654519762.105, 1654520202.105]]"
0,FM1073_20220606_140009,"[[1654524015.096, 1654525814.094], [1654525822.0700002, 1654527206.068], [1654527330.068, 1654527581.068], [1654527615.1030002, 1654527642.1030002]]"
0,FM1073_20220608_040928,"[[1654661375.06, 1654661532.06]]"
0,FM1073_20220608_111915,"[[1654689258.08, 1654689659.079]]"
0,FM1073_20220602_074203,"[[1654158446.0819998, 1654158626.0819998]]"
0,FM1073_20220602_092538,"[[1654162086.093, 1654162194.093]]"
0,FM1073_20220603_095122,"[[1654251684.048, 1654251687.048], [1654251689.0649998, 1654252160.064], [1654252173.064, 1654252521.064]]"
0,FM1073_20220601_064750,"[[1654066077.0870001, 1654066722.0860002]]"
0,FH2369_20220211_140110,"[[1644588093.4940002, 1644589892.492]]"
0,UDM523_20220607_001922,"[[1654564380.279, 1654564770.279]]"
0,FH2369_20220131_111457,"[[1643627796.0540001, 1643628421.053], [1643628465.053, 1643629504.052], [1643629509.0540001, 1643630500.053]]"
0,FH2369_20220203_102504,"[[1643883957.696, 1643884163.696], [1643884962.6950002, 1643885356.6950002]]"
0,FH2369_20220203_064630,"[[1643870802.094, 1643871285.094]]"
0,FH2369_20220203_141631,"[[1643898070.597, 1643898484.596], [1643904718.595, 1643904794.595], [1643905119.597, 1643905245.597], [1643905355.597, 1643905524.596]]"
0,FH2467_20220201_104943,"[[1643712633.272, 1643712700.272], [1643712814.272, 1643712889.272], [1643713175.2710001, 1643714334.2700002], [1643714368.2700002, 1643714371.2700002]]"
0,FH2467_20220204_121848,"[[1643977688.4550002, 1643977792.4550002], [1643978174.4540002, 1643978251.4540002]]"
0,FH2467_20220204_073407,"[[1643961577.261, 1643961647.261]]"
0,FM1073_20220208_152818,"[[1644334201.1, 1644334594.1], [1644337899.1, 1644338435.1]]"
0,FH2369_20220216_145706,"[[1645023788.945, 1645023969.945]]"
0,FM1073_20220218_130253,"[[1645189989.0540001, 1645190047.0540001]]"
0,FM1073_20220216_173031,"[[1645032642.105, 1645032793.105], [1645033347.104, 1645033725.104]]"
0,FH2369_20220222_093116,"[[1645522288.318, 1645522473.318], [1645522808.318, 1645522984.318]]"
0,FH2369_20220228_153927,"[[1646066359.1009998, 1646066419.1009998], [1646066848.1, 1646067286.1], [1646067576.1, 1646067599.1], [1646067600.1009998, 1646067933.1009998]]"
0,FH2369_20220302_070047,"[[1646204606.1009998, 1646204678.1009998]]"
0,FH2467_20220228_085614,"[[1646038935.5459998, 1646039648.5449998], [1646039710.5449998, 1646039884.5449998]]"
0,FM1073_20220214_142641,"[[1644849149.094, 1644850025.093]]"
0,FM1073_20220215_174557,"[[1644947165.035, 1644947662.035]]"
0,FH2467_20220221_090100,"[[1645434217.23, 1645435840.228], [1645435874.1980002, 1645437673.197], [1645437674.227, 1645438249.2259998]]"
0,FH2467_20220228_153824,"[[1646063598.2099998, 1646063672.2099998]]"
0,FH2467_20220302_065406,"[[1646204153.385, 1646204421.385]]"
0,FH2369_20220307_141410,"[[1646662500.1950002, 1646663789.1939998], [1646663887.1939998, 1646664260.1939998]]"
0,FH2369_20220308_130237,"[[1646745731.336, 1646745754.336], [1646745765.336, 1646745793.336], [1646747104.336, 1646747118.336]]"
0,FH2369_20220309_111234,"[[1646825453.208, 1646825515.208], [1646826036.208, 1646826097.208]]"
0,FH2369_20220311_091603,"[[1646990175.873, 1646990347.872], [1646991266.872, 1646991363.871]]"
0,FH2369_20220311_112009,"[[1646998487.043, 1646998538.043]]"
0,FH2467_20220304_125243,"[[1646398375.292, 1646398885.2910001], [1646399843.29, 1646400090.29], [1646400128.29, 1646400174.29], [1646400175.2940001, 1646401628.292], [1646401804.292, 1646401974.292]]"
0,FH2467_20220308_080646,"[[1646726870.592, 1646727296.592]]"
0,FH2467_20220309_100146,"[[1646821062.891, 1646821275.891], [1646822372.9299998, 1646822960.929]]"
0,FH2467_20220317_073617,"[[1647502589.42, 1647503299.4190001], [1647504300.418, 1647504388.418], [1647504389.415, 1647504692.415]]"
0,FM1073_20220303_134351,"[[1646315039.071, 1646315473.0700002]]"
0,FM1073_20220304_120713,"[[1646395641.0830002, 1646396954.0819998]]"
0,FM1073_20220302_115337,"[[1646222025.08, 1646222119.08]]"
0,FM1073_20220315_143828,"[[1647355115.039, 1647355511.039]]"
0,FM1073_20220310_193616,"[[1646941155.088, 1646941324.088], [1646942525.0860002, 1646942711.0860002]]"
0,FM1073_20220315_130253,"[[1647349380.097, 1647350767.096]]"
0,FH2467_20220321_171646,"[[1647883019.22, 1647884593.218]]"
0,FH2467_20220322_063933,"[[1647931383.133, 1647931529.133]]"
0,FH2467_20220325_104829,"[[1648205390.754, 1648205635.754]]"
0,FH2467_20220325_125130,"[[1648213259.551, 1648213489.551], [1648213527.551, 1648214501.5500002], [1648214502.501, 1648214863.501], [1648215253.5, 1648215741.5], [1648216024.5, 1648216071.5]]"
0,FM1073_20220317_115435,"[[1647518082.064, 1647518094.064], [1647518274.064, 1647518426.063]]"
0,FM1073_20220318_082117,"[[1647591684.097, 1647591732.097]]"
0,FH2369_20220325_132855,"[[1648215629.783, 1648216750.782], [1648216751.723, 1648218017.722], [1648218601.763, 1648218625.763]]"
0,FH2369_20220325_143118,"[[1648218689.667, 1648218839.667], [1648220061.666, 1648220488.665], [1648220489.6430001, 1648221858.642], [1648221957.642, 1648222147.642], [1648222196.642, 1648222288.642], [1648222289.648, 1648222844.647]]"
0,FH2467_20220328_170218,"[[1648487629.864, 1648487698.864], [1648488269.864, 1648488419.864], [1648488631.8630002, 1648488688.8630002], [1648488824.865, 1648488908.865], [1648488933.865, 1648489076.864], [1648489411.864, 1648489492.864], [1648489636.864, 1648489712.864]]"
0,FH2467_20220401_062137,"[[1648794590.6729999, 1648795036.672], [1648795833.672, 1648795908.672], [1648795986.67, 1648796213.67]]"
0,FH2467_20220404_120505,"[[1649075335.6030002, 1649075418.6030002], [1649076656.625, 1649076695.625]]"
0,FH2467_20220405_105505,"[[1649156622.671, 1649157047.67]]"
0,FH2467_20220406_131437,"[[1649252477.425, 1649252688.425]]"
0,FM1073_20220325_190704,"[[1648235328.118, 1648235842.1169999]]"
0,FM1073_20220326_100449,"[[1648289808.033, 1648290895.032], [1648290896.0649998, 1648290979.0649998]]"
0,FM1073_20220326_124421,"[[1648298668.04, 1648298696.04]]"
0,FM1073_20220329_153917,"[[1648570287.116, 1648570761.116]]"
0,FM1073_20220329_182339,"[[1648578552.071, 1648578602.071], [1648578636.071, 1648578995.0700002], [1648580065.0300002, 1648580117.0300002]]"
0,FM1073_20220329_135004,"[[1648561851.048, 1648561886.048], [1648562106.048, 1648562166.048]]"
0,FM1073_20220330_103852,"[[1648636739.024, 1648636740.024]]"
0,FM1073_20220404_083456,"[[1649061993.1369998, 1649062121.1369998], [1649064746.119, 1649064903.119]]"
0,FH2369_20220315_161859,"[[1647361942.2, 1647362129.2], [1647362181.2, 1647362900.1990001], [1647363068.1009998, 1647363158.1009998]]"
0,FH2467_20220427_102554,"[[1651058069.52, 1651058226.52], [1651058578.519, 1651058678.519], [1651058748.519, 1651058765.519], [1651058938.4529998, 1651059162.4529998], [1651060793.461, 1651060850.461]]"
0,FM1073_20220420_084228,"[[1650446921.1030002, 1650447172.1020002], [1650447395.1020002, 1650447754.1020002]]"
0,FM1073_20220426_133619,"[[1650980520.0979998, 1650980831.0979998]]"
0,FM1073_20220430_063816,"[[1651300997.084, 1651301088.084], [1651301513.084, 1651302502.0830002]]"
0,UDM523_20220308_183847,"[[1646767022.362, 1646767417.3609998]]"
0,UDM523_20220309_163208,"[[1646846824.105, 1646847135.105]]"
0,UDM523_20220310_113756,"[[1646912389.1820002, 1646912591.1820002]]"
0,UDM523_20220324_123755,"[[1648125614.882, 1648126903.881]]"
0,UDM523_20220324_194954,"[[1648151916.5939999, 1648152468.593], [1648153607.607, 1648153940.607]]"
0,UDM523_20220407_231709,"[[1649375498.16, 1649375513.16]]"
0,FH2369_20220412_172021,"[[1649784037.582, 1649784793.5809999]]"
0,FM1073_20220503_103340,"[[1651574027.0819998, 1651574372.0819998]]"
0,FH2467_20220504_125044,"[[1651672824.5670002, 1651673662.5660002]]"
0,FM1073_20220511_072154,"[[1652253722.063, 1652253776.063]]"
0,FM1073_20220514_070112,"[[1652513015.066, 1652513478.066], [1652513479.089, 1652515278.088]]"
0,FM1073_20220609_040325,"[[1654749339.12, 1654749590.12]]"
0,FH2467_20220311_071126,"[[1646982698.32, 1646983294.32], [1646985032.3609998, 1646985980.36]]"
0,FM1073_20220615_034322,"[[1655268054.107, 1655268208.107]]"
0,FM1073_20220526_170548,"[[1653584755.088, 1653584845.088]]"
0,FM1073_20220601_075000,"[[1654072659.035, 1654072826.035]]"
0,FM1073_20220604_095450,"[[1654339071.132, 1654339382.132], [1654339446.131, 1654339596.131]]"
0,FM1073_20220524_100007,"[[1653386426.104, 1653387566.1030002], [1653388199.1020002, 1653388213.1020002], [1653388214.1, 1653388563.1], [1653389301.099, 1653389577.099]]"
0,FH2369_20220131_131615,"[[1643636425.42, 1643636674.42], [1643636747.42, 1643636786.42], [1643637293.3209999, 1643637553.32], [1643637591.32, 1643638135.32], [1643639173.32, 1643639206.32], [1643639261.32, 1643639491.32], [1643640831.3209999, 1643641388.32], [1643641586.32, 1643641648.32], [1643641752.32, 1643642186.319]]"
0,FH2369_20220203_115535,"[[1643890758.4550002, 1643891145.4550002], [1643891397.456, 1643891472.456], [1643894831.456, 1643895161.456]]"
0,FH2369_20220204_061854,"[[1643955820.576, 1643955877.576], [1643956116.576, 1643956670.575]]"
0,FH2369_20220204_105243,"[[1643971975.949, 1643973429.948]]"
0,FH2369_20220204_124523,"[[1643979490.175, 1643979725.175], [1643981239.175, 1643981364.175]]"
0,FH2467_20220203_060336,"[[1643868311.127, 1643870014.1260002]]"
0,FH2467_20220203_070647,"[[1643872140.149, 1643872438.149]]"
0,FH2467_20220203_102235,"[[1643884492.1790001, 1643884562.1790001]]"
0,FH2467_20220203_125817,"[[1643893109.286, 1643893230.286]]"
0,FH2467_20220203_145504,"[[1643900116.006, 1643901915.004], [1643901915.9350002, 1643902825.934]]"
0,FM1073_20220209_151713,"[[1644419903.1, 1644420764.1], [1644420810.099, 1644421640.099], [1644421641.1, 1644422916.099]]"
0,FH2369_20220221_100225,"[[1645441568.665, 1645441614.665], [1645441618.667, 1645442036.666], [1645442078.666, 1645442208.666], [1645444215.666, 1645444264.666], [1645444721.665, 1645444820.665], [1645444847.665, 1645445046.665], [1645445218.667, 1645445260.667], [1645449119.666, 1645449231.666], [1645449233.666, 1645449460.666], [1645450115.665, 1645450180.665], [1645450261.665, 1645450349.665], [1645450400.665, 1645450617.665], [1645450769.666, 1645451353.666], [1645451376.666, 1645451530.666], [1645451832.665, 1645452053.665]]"
0,FH2369_20220224_061412,"[[1645684746.017, 1645684861.017], [1645685040.017, 1645685064.017], [1645685118.9190001, 1645685590.9180002], [1645685603.9180002, 1645686227.9180002], [1645687125.9180002, 1645688378.9169998], [1645689266.9180002, 1645689287.9180002], [1645692525.9180002, 1645692700.9180002]]"
0,FH2369_20220224_105504,"[[1645701639.984, 1645701858.984]]"
0,FH2369_20220302_132713,"[[1646229371.1, 1646229435.099], [1646229655.1009998, 1646229768.1009998], [1646229933.1009998, 1646230100.1], [1646230281.1, 1646230352.1], [1646230693.1, 1646230788.1], [1646230997.1, 1646231243.099]]"
0,FM1073_20220217_120753,"[[1645099681.089, 1645100196.088]]"
0,FM1073_20220217_164559,"[[1645116367.094, 1645117930.093]]"
0,FM1073_20220218_071801,"[[1645168796.0470002, 1645169678.0460002]]"
0,FH2467_20220219_134441,"[[1645278295.46, 1645280094.458], [1645280095.43, 1645281894.428], [1645282038.457, 1645282631.456], [1645282675.456, 1645283694.4550002], [1645283695.4540002, 1645284540.4529998]]"
0,FH2369_20220307_105023,"[[1646650330.3939998, 1646650648.3939998], [1646652804.393, 1646652860.393], [1646652931.393, 1646653353.393]]"
0,FH2369_20220308_094745,"[[1646733932.836, 1646734675.835]]"
0,FH2369_20220309_081930,"[[1646814395.72, 1646814422.72], [1646814526.72, 1646814596.72]]"
0,FH2467_20220307_125132,"[[1646657636.745, 1646657754.745], [1646657916.745, 1646658025.745], [1646658055.745, 1646658145.745]]"
0,FH2467_20220308_092638,"[[1646731999.721, 1646732589.721]]"
0,FH2467_20220308_151341,"[[1646753234.3100002, 1646754073.309], [1646754222.309, 1646754233.309], [1646754234.356, 1646754672.355]]"
0,FH2467_20220309_115236,"[[1646826852.393, 1646827002.393], [1646829112.4390001, 1646829458.4390001]]"
0,FH2467_20220311_081313,"[[1646988147.3980002, 1646988204.3980002], [1646989789.3569999, 1646989850.3569999]]"
0,FH2467_20220311_104655,"[[1646995684.882, 1646995766.882]]"
0,FH2467_20220315_113153,"[[1647344363.1590002, 1647344390.1590002]]"
0,FH2467_20220315_143852,"[[1647358746.559, 1647358770.559]]"
0,FH2467_20220315_154023,"[[1647358835.0609999, 1647358898.0609999]]"
0,FM1073_20220228_102628,"[[1646046672.075, 1646046841.075]]"
0,FM1073_20220302_095238,"[[1646214766.028, 1646215399.027]]"
0,FM1073_20220303_093908,"[[1646300356.063, 1646301236.062]]"
0,FM1073_20220301_123051,"[[1646137859.016, 1646138178.016], [1646138205.016, 1646138727.015]]"
0,FM1073_20220308_132926,"[[1646746427.038, 1646746523.038]]"
0,FM1073_20220310_114531,"[[1646913684.041, 1646914537.04], [1646914538.0609999, 1646915181.0609999]]"
0,FM1073_20220310_101954,"[[1646910084.085, 1646910633.085]]"
0,FM1073_20220312_063322,"[[1647070230.071, 1647070290.071]]"
0,FH2467_20220321_161519,"[[1647879333.32, 1647879455.32], [1647880191.319, 1647880262.319], [1647882948.317, 1647882956.317]]"
0,FH2467_20220322_115259,"[[1647952795.8049998, 1647953518.804]]"
0,FH2467_20220325_064629,"[[1648194262.278, 1648194322.278]]"
0,FM1073_20220318_141958,"[[1647615252.048, 1647615940.0470002]]"
0,FM1073_20220323_114007,"[[1648038191.0670002, 1648038293.0670002]]"
0,FH2369_20220321_105217,"[[1647861276.615, 1647861393.615]]"
0,FH2369_20220321_153236,"[[1647879936.7619998, 1647880152.7619998]]"
0,FH2369_20220324_122301,"[[1648127885.7859998, 1648128020.7859998]]"
0,FH2369_20220325_085028,"[[1648198243.004, 1648199331.003], [1648199397.003, 1648200042.003], [1648200042.9459999, 1648201841.944], [1648201842.9859998, 1648202240.9859998]]"
0,FH2369_20220325_114357,"[[1648210319.88, 1648210447.88]]"
0,FH2467_20220328_160021,"[[1648485173.1950002, 1648485499.1950002], [1648486275.1939998, 1648486319.1939998], [1648486732.1939998, 1648486765.1939998]]"
0,FH2467_20220330_091628,"[[1648632914.4620001, 1648633228.4620001]]"
0,FH2467_20220331_164022,"[[1648745440.148, 1648745905.148], [1648747475.1790001, 1648747567.1790001]]"
0,FH2369_20220404_171001,"[[1649095266.8, 1649095735.8], [1649095815.743, 1649095839.743]]"
0,FH2467_20220404_140819,"[[1649082146.776, 1649082350.775]]"
0,FH2369_20220407_045417,"[[1649307357.6179998, 1649307802.6179998], [1649308840.6169999, 1649309071.616], [1649309072.66, 1649309403.66]]"
0,FH2369_20220406_115020,"[[1649249041.985, 1649249434.984]]"
0,FH2467_20220407_121844,"[[1649334447.076, 1649334627.075], [1649335572.075, 1649335721.074], [1649336499.0809999, 1649337536.08]]"
0,FH2467_20220408_123622,"[[1649421435.621, 1649421846.621], [1649421898.621, 1649422524.62], [1649422571.62, 1649422738.62], [1649422842.62, 1649422922.62]]"
0,FM1073_20220324_190328,"[[1648148745.141, 1648148772.141]]"
0,FM1073_20220324_180338,"[[1648145025.1020002, 1648146566.1009998]]"
0,FM1073_20220325_093605,"[[1648202261.096, 1648202455.096], [1648204335.076, 1648204411.076]]"
0,FM1073_20220325_131043,"[[1648214666.1030002, 1648214868.1030002], [1648214962.1030002, 1648215313.1020002], [1648216915.125, 1648217268.125], [1648217420.125, 1648217449.125]]"
0,FM1073_20220328_133453,"[[1648475553.099, 1648475944.099], [1648476027.099, 1648476297.099], [1648477101.093, 1648477485.093]]"
0,FM1073_20220329_064202,"[[1648537599.12, 1648537711.12], [1648537864.12, 1648537928.12], [1648537929.099, 1648538510.099]]"
0,FM1073_20220330_093659,"[[1648636325.077, 1648636507.077]]"
0,FM1073_20220401_103941,"[[1648809692.041, 1648810283.04], [1648810359.04, 1648810614.04]]"
0,FM1073_20220405_050435,"[[1649135205.09, 1649136881.089], [1649136882.069, 1649138634.0670002]]"
0,FM1073_20220405_124429,"[[1649163242.1020002, 1649163517.1009998], [1649163752.1009998, 1649163761.1009998]]"
0,FM1073_20220406_090927,"[[1649237172.0830002, 1649237880.0819998]]"
0,FM1073_20220406_120943,"[[1649246990.057, 1649247189.057]]"
0,FH2369_20220314_142350,"[[1647268392.853, 1647268916.853], [1647268962.853, 1647269102.853], [1647271311.852, 1647271361.852], [1647272195.853, 1647272283.853]]"
0,FH2369_20220315_142535,"[[1647355603.2870002, 1647356145.2870002], [1647356146.289, 1647356213.289]]"
0,FH2369_20220329_083652,"[[1648543023.835, 1648543083.835], [1648543474.835, 1648543833.8339999]]"
0,FH2369_20220330_112603,"[[1648641033.388, 1648641101.388], [1648642083.43, 1648642580.43]]"
0,FH2467_20220420_121058,"[[1650456669.4339998, 1650457873.4329998]]"
0,FH2467_20220427_055409,"[[1651038861.008, 1651038885.008], [1651039184.008, 1651039812.008], [1651043317.967, 1651043702.967], [1651043796.967, 1651044086.966], [1651046858.08, 1651047363.079], [1651048869.115, 1651049174.1139998]]"
0,FM1073_20220420_094404,"[[1650447851.0609999, 1650449213.06]]"
0,FM1073_20220421_085244,"[[1650533322.028, 1650533389.028]]"
0,FM1073_20220421_171318,"[[1650563291.0870001, 1650563311.0870001], [1650563432.0870001, 1650563793.0870001]]"
0,FM1073_20220427_093002,"[[1651051810.068, 1651051902.068]]"
0,FM1073_20220427_121831,"[[1651063267.095, 1651063634.095]]"
0,FM1073_20220429_112950,"[[1651231797.092, 1651232475.092]]"
0,UDM523_20220311_165412,"[[1647020824.339, 1647021209.3379998]]"
0,UDM523_20220408_022257,"[[1649385180.492, 1649385252.492]]"
0,FH2369_20220411_083935,"[[1649668102.078, 1649668190.078], [1649668644.019, 1649668904.019], [1649674385.135, 1649674809.135]]"
0,FH2369_20220411_150343,"[[1649689771.156, 1649689968.156]]"
0,FH2369_20220413_114548,"[[1649855757.875, 1649855762.875]]"
0,FM1073_20220504_061553,"[[1651644960.099, 1651644984.099], [1651647841.105, 1651648504.104]]"
0,FM1073_20220505_065329,"[[1651734666.029, 1651734945.028], [1651735611.107, 1651737215.105]]"
0,UDM523_20220331_040413,"[[1648699982.717, 1648701260.7150002], [1648701261.7459998, 1648703060.744]]"
0,UDM523_20220331_070926,"[[1648713988.314, 1648714173.314]]"
0,UDM523_20220316_041747,"[[1647405489.7849998, 1647405605.7849998], [1647405731.7849998, 1647405990.7849998], [1647406018.7849998, 1647406074.7849998], [1647406584.732, 1647406963.732], [1647406999.731, 1647407152.731]]"
0,UDM523_20220316_052053,"[[1647410616.6009998, 1647410794.6009998], [1647410874.6009998, 1647411058.6], [1647411266.6, 1647411575.6]]"
0,FM1073_20220509_123135,"[[1652100232.063, 1652101301.062]]"
0,FM1073_20220510_155226,"[[1652197968.129, 1652199752.127], [1652199753.104, 1652201552.1020002]]"
0,FM1073_20220511_053953,"[[1652247718.119, 1652247814.119]]"
0,FM1073_20220516_093134,"[[1652693501.027, 1652693709.027]]"
0,FM1073_20220520_022520,"[[1653014854.055, 1653015168.0540001]]"
0,FM1073_20220607_045343,"[[1654577727.051, 1654577825.051], [1654578583.05, 1654578860.05], [1654579550.069, 1654580545.068], [1654581179.0670002, 1654581230.0670002]]"
0,FM1073_20220608_051114,"[[1654667924.041, 1654668680.04], [1654668681.05, 1654668706.05]]"
0,FM1073_20220614_051712,"[[1655183840.06, 1655184037.06]]"
0,FM1073_20220615_044429,"[[1655268276.062, 1655268333.062]]"
0,FM1073_20220603_041941,"[[1654230192.128, 1654230971.127], [1654231138.127, 1654231203.127], [1654233226.073, 1654233320.073]]"
0,UDM523_20220427_004758,"[[1651022692.0259998, 1651022872.0259998], [1651023212.0259998, 1651024068.0249999]]"
0,UDM523_20220609_003252,"[[1654737112.1859999, 1654737507.1859999]]"
0,UDM523_20220614_051133,"[[1655183589.175, 1655184020.175], [1655185192.174, 1655185305.1729999], [1655185306.1260002, 1655185953.125], [1655186011.125, 1655186639.125]]"
0,FH2369_20220128_105327,"[[1643367362.317, 1643369018.315], [1643369019.317, 1643370818.316], [1643370819.317, 1643372165.316], [1643372620.317, 1643372934.316], [1643373173.316, 1643374418.315], [1643374419.317, 1643376218.316], [1643376219.317, 1643377629.316], [1643377733.315, 1643378018.315], [1643378019.3539999, 1643379818.352], [1643379819.317, 1643380757.316], [1643380826.316, 1643381098.316], [1643382043.316, 1643382182.316], [1643382275.316, 1643382590.316]]"
0,FH2369_20220204_084928,"[[1643964580.627, 1643964928.627], [1643966797.523, 1643966966.5219998], [1643968913.5219998, 1643969131.5219998], [1643969291.5219998, 1643969327.5219998], [1643969398.5219998, 1643969783.521]]"
0,FH2369_20220201_123000,"[[1643719615.473, 1643720020.473], [1643721793.373, 1643722211.372], [1643725578.373, 1643725811.372], [1643725812.374, 1643726342.374], [1643730029.443, 1643730135.442]]"
0,FH2369_20220210_070328,"[[1644477562.891, 1644478030.8899999], [1644482515.891, 1644483197.8899999], [1644483908.892, 1644484245.891]]"
0,FH2467_20220203_144651,"[[1643899623.371, 1643899980.371]]"
0,FH2467_20220203_130531,"[[1643893699.5609999, 1643895040.56]]"
0,FH2467_20220203_133247,"[[1643895179.041, 1643895692.04]]"
0,FM1073_20220209_164604,"[[1644425291.1, 1644425457.1]]"
0,FH2369_20220303_083004,"[[1646296356.044, 1646297354.043], [1646297415.043, 1646298015.0419998], [1646298016.044, 1646298485.044], [1646298537.044, 1646298812.043], [1646298890.043, 1646299340.043], [1646299365.043, 1646299619.043]]"
0,FH2369_20220304_110514,"[[1646391925.7779999, 1646392134.777], [1646395093.676, 1646395416.676]]"
0,FH2467_20220301_075833,"[[1646123223.076, 1646123324.076], [1646123328.056, 1646123775.056], [1646125946.074, 1646126924.073], [1646126925.0470002, 1646127966.0460002], [1646128013.0460002, 1646128385.0460002], [1646128789.169, 1646128974.168], [1646131516.1590002, 1646131582.1590002]]"
0,FH2467_20220302_103034,"[[1646217107.146, 1646217191.146], [1646221012.161, 1646221154.161]]"
0,FH2467_20220303_071410,"[[1646292315.0419998, 1646292742.0419998]]"
0,FH2467_20220221_050208,"[[1645419740.093, 1645420835.092], [1645420929.092, 1645421539.091], [1645421540.075, 1645422898.074]]"
0,FH2467_20220221_062433,"[[1645424685.484, 1645426484.4819999], [1645427212.514, 1645427483.513]]"
0,FH2467_20220303_084908,"[[1646299100.823, 1646299159.823], [1646299160.773, 1646299463.773]]"
0,FH2467_20220303_122214,"[[1646310205.0670002, 1646310291.0670002]]"
0,FH2369_20220308_052803,"[[1646717578.8419998, 1646717589.8419998], [1646719247.742, 1646719321.742], [1646719343.742, 1646719952.741]]"
0,FH2369_20220308_142638,"[[1646751573.066, 1646751797.0649998]]"
0,FH2369_20220309_050851,"[[1646802615.468, 1646802786.468], [1646803904.467, 1646804115.467]]"
0,FH2369_20220309_115808,"[[1646827899.7740002, 1646828100.7740002]]"
0,FH2467_20220304_145656,"[[1646407183.752, 1646407220.752], [1646407269.752, 1646407626.7510002]]"
0,FH2467_20220304_135441,"[[1646402096.007, 1646402157.007], [1646402225.007, 1646402667.006], [1646404722.981, 1646404799.981], [1646404987.981, 1646405102.981]]"
0,FH2467_20220307_091825,"[[1646647641.168, 1646647929.168]]"
0,FH2467_20220307_140847,"[[1646665846.769, 1646666179.769], [1646666434.768, 1646666653.768], [1646668026.717, 1646668040.717], [1646668111.717, 1646668198.717]]"
0,FH2467_20220308_115100,"[[1646741772.256, 1646742072.255], [1646742073.3049998, 1646742567.3049998], [1646743639.304, 1646743661.304]]"
0,FH2467_20220309_153242,"[[1646840489.3470001, 1646840678.3470001]]"
0,FH2467_20220310_103808,"[[1646911664.3990002, 1646911679.3990002]]"
0,FH2467_20220319_092938,"[[1647682190.443, 1647682395.443], [1647684525.507, 1647684896.5059998]]"
0,FM1073_20220303_090705,"[[1646298441.053, 1646299142.053]]"
0,FM1073_20220301_095955,"[[1646129286.094, 1646129670.094]]"
0,FM1073_20220303_150005,"[[1646319613.032, 1646321272.0300002]]"
0,FM1073_20220303_153034,"[[1646321442.1030002, 1646321970.1020002]]"
0,FM1073_20220303_095753,"[[1646301481.085, 1646302175.085]]"
0,FM1073_20220310_145941,"[[1646924421.074, 1646925129.073]]"
0,FH2467_20220323_142250,"[[1648048612.838, 1648048980.838]]"
0,FH2467_20220324_091031,"[[1648114133.872, 1648114398.872], [1648114486.872, 1648114841.871], [1648114842.922, 1648115614.922], [1648116620.921, 1648116641.921]]"
0,FH2467_20220324_101204,"[[1648116736.6739998, 1648118357.6729999], [1648118536.724, 1648118969.723], [1648119117.723, 1648119369.723]]"
0,FM1073_20220316_113814,"[[1647430702.0670002, 1647431153.0670002], [1647431155.0670002, 1647431652.066], [1647431662.066, 1647432196.066], [1647433193.056, 1647433273.056], [1647433466.056, 1647433538.056], [1647434321.1030002, 1647434326.1030002]]"
0,FM1073_20220321_085335,"[[1647853067.0579998, 1647853636.057], [1647853966.057, 1647853999.057], [1647854257.057, 1647854487.056]]"
0,FM1073_20220322_084959,"[[1647939831.066, 1647940250.066]]"
0,UDM523_20220304_022046,"[[1646360810.277, 1646361487.277], [1646361912.276, 1646362253.276], [1646362884.302, 1646363094.302], [1646363155.302, 1646363996.3009999], [1646364156.286, 1646364765.286]]"
0,FH2369_20220322_141936,"[[1647960123.5049999, 1647960202.5049999], [1647960240.5049999, 1647960314.5049999], [1647961499.405, 1647961698.405]]"
0,FH2467_20220329_073708,"[[1648539568.1569998, 1648539629.1569998]]"
0,FH2467_20220329_115603,"[[1648555696.8019998, 1648555797.8019998], [1648557993.772, 1648558209.772]]"
0,FH2467_20220330_065605,"[[1648624430.056, 1648624803.055], [1648626036.0809999, 1648626160.08], [1648626280.08, 1648626648.08]]"
0,FH2467_20220406_094525,"[[1649238636.1660001, 1649238682.1660001], [1649238742.1660001, 1649239088.1660001], [1649240016.165, 1649240102.165], [1649240133.165, 1649240136.165], [1649240137.223, 1649240599.2220001], [1649240861.2220001, 1649241072.2220001]]"
0,FH2467_20220407_140424,"[[1649340480.892, 1649341320.891], [1649341391.891, 1649342017.8899999], [1649342081.894, 1649342127.894], [1649342224.894, 1649343874.892]]"
0,FH2467_20220411_071038,"[[1649661051.072, 1649662840.0700002]]"
0,FM1073_20220326_114332,"[[1648295101.118, 1648295763.1169999], [1648297569.095, 1648297635.094], [1648297671.094, 1648297743.094], [1648298407.094, 1648298577.094], [1648298620.099, 1648298629.099]]"
0,FM1073_20220328_091242,"[[1648460515.089, 1648460568.089], [1648460756.068, 1648460864.068]]"
0,FM1073_20220328_142514,"[[1648477522.069, 1648477792.069]]"
0,FM1073_20220331_184854,"[[1648755424.064, 1648756140.064]]"
0,FM1073_20220401_092337,"[[1648805849.0809999, 1648806823.08], [1648806824.0979998, 1648807634.097], [1648807705.097, 1648807734.097]]"
0,FM1073_20220406_094542,"[[1649240205.097, 1649240693.096], [1649240962.096, 1649241409.096], [1649241478.096, 1649241682.095]]"
0,FH2369_20220316_155117,"[[1647445888.753, 1647446003.753]]"
0,FH2467_20220414_083737,"[[1649925551.553, 1649925840.552], [1649926854.551, 1649927034.551], [1649928155.483, 1649928632.4819999], [1649928883.4819999, 1649929067.4819999]]"
0,FH2467_20220429_093741,"[[1651225519.626, 1651225739.625], [1651226007.625, 1651226871.624], [1651234295.773, 1651235271.772], [1651235285.772, 1651235871.772], [1651235872.755, 1651236951.754]]"
0,FM1073_20220422_073347,"[[1650613158.0860002, 1650613267.085]]"
0,FM1073_20220422_172722,"[[1650648589.1, 1650648826.1]]"
0,FM1073_20220428_092628,"[[1651138151.085, 1651139241.084], [1651139417.084, 1651139794.084], [1651139795.0259998, 1651141386.0249999], [1651141427.0249999, 1651141594.024]]"
0,UDM523_20220307_120154,"[[1646656202.492, 1646656353.492]]"
0,UDM523_20220309_110519,"[[1646825674.2870002, 1646825717.2870002], [1646825727.309, 1646826115.308]]"
0,UDM523_20220323_140007,"[[1648045810.1299999, 1648045814.1299999], [1648046306.077, 1648046353.077], [1648047487.076, 1648047614.076]]"
0,UDM523_20220323_161317,"[[1648052661.0449998, 1648052703.0449998], [1648053686.044, 1648053805.044], [1648053806.04, 1648055598.039], [1648055599.039, 1648055605.039]]"
0,UDM523_20220324_203749,"[[1648154589.725, 1648155697.724]]"
0,FH2369_20220413_081900,"[[1649837957.006, 1649838049.006], [1649838274.006, 1649838280.006], [1649839602.0049999, 1649839717.004]]"
0,FH2369_20220414_052143,"[[1649913918.6019998, 1649914051.6019998], [1649915921.641, 1649916164.641], [1649918710.588, 1649918966.588]]"
0,FM1073_20220503_061706,"[[1651560826.022, 1651560880.022], [1651560925.022, 1651561240.022]]"
0,FM1073_20220503_050222,"[[1651554357.1379998, 1651554542.1379998]]"
0,FM1073_20220516_080559,"[[1652688366.056, 1652688953.055], [1652688970.055, 1652689184.055], [1652689185.055, 1652689502.055], [1652689504.055, 1652690165.0540001], [1652690166.096, 1652691111.095], [1652691325.095, 1652691503.095], [1652691526.095, 1652691941.094]]"
0,FM1073_20220516_111241,"[[1652699569.092, 1652700440.092]]"
0,FM1073_20220606_125744,"[[1654520271.093, 1654520485.093], [1654522823.044, 1654523855.044], [1654523871.066, 1654523890.066]]"
0,FM1073_20220607_055525,"[[1654581333.053, 1654582117.052], [1654582131.052, 1654582442.052]]"
0,FM1073_20220609_111729,"[[1654774906.076, 1654775157.076], [1654776665.02, 1654777056.02]]"
0,FM1073_20220608_120657,"[[1654691479.057, 1654691823.057], [1654691824.133, 1654692278.132]]"
0,FM1073_20220610_092059,"[[1654854620.1260002, 1654854665.1260002], [1654854666.107, 1654854992.107]]"
0,UDM523_20220510_043838,"[[1652158657.303, 1652159004.303]]"
0,FM1073_20220531_035929,"[[1653970157.09, 1653970262.09], [1653970449.09, 1653970611.089], [1653970622.089, 1653971375.089], [1653971376.074, 1653971714.074], [1653972075.074, 1653972147.074], [1653972161.074, 1653973175.073]]"
0,UDM523_20220426_010829,"[[1650937710.669, 1650938148.669]]"
0,UDM523_20220426_021046,"[[1650939128.682, 1650939221.682], [1650940573.681, 1650940839.681], [1650940854.6729999, 1650940948.6729999]]"
0,FM1073_20220526_161205,"[[1653581532.063, 1653583331.0609999], [1653583334.096, 1653584681.095]]"
0,FM1073_20220531_091909,"[[1653988875.1009998, 1653989315.1]]"
0,FM1073_20220531_123208,"[[1654000337.079, 1654000624.079], [1654001265.078, 1654002136.077], [1654002137.038, 1654002624.037], [1654002638.037, 1654002889.037], [1654002910.037, 1654003098.037]]"
0,UDM523_20220607_015638,"[[1654567006.535, 1654567338.535]]"
0,FH2369_20220128_074429,"[[1643356585.6929998, 1643356874.692], [1643356921.692, 1643357679.692], [1643357680.6929998, 1643359479.692], [1643359480.6929998, 1643359826.6929998], [1643363879.6929998, 1643364005.692], [1643364030.692, 1643364369.692]]"
0,FH2369_20220131_160247,"[[1643645986.692, 1643646040.692], [1643646506.692, 1643646777.692]]"
0,FH2369_20220202_114413,"[[1643802357.7289999, 1643802723.728], [1643802763.728, 1643803236.728]]"
0,FH2467_20220202_075909,"[[1643790108.0310001, 1643790561.0310001], [1643790562.0579998, 1643790899.057], [1643792785.043, 1643793165.0419998], [1643794303.0540001, 1643794932.0540001]]"
0,FH2467_20220201_154234,"[[1643730621.873, 1643730712.873], [1643730714.873, 1643730771.873], [1643731896.872, 1643731966.872], [1643731967.896, 1643732976.895], [1643733088.895, 1643733110.895], [1643733153.895, 1643733192.895]]"
0,FH2369_20220302_125030,"[[1646226202.1009998, 1646226261.1]]"
0,FH2369_20220218_085322,"[[1645174513.0540001, 1645174778.053], [1645174982.053, 1645175127.053], [1645179219.053, 1645179813.052], [1645179814.0540001, 1645180112.053]]"
0,FM1073_20220210_081907,"[[1644486414.099, 1644486555.099], [1644486556.1009998, 1644487645.1]]"
0,FM1073_20220210_155515,"[[1644508760.1, 1644509012.1]]"
0,FH2369_20220221_144937,"[[1645458645.203, 1645458743.203], [1645459040.203, 1645460044.202]]"
0,FH2369_20220301_142242,"[[1646146825.415, 1646147775.414]]"
0,FH2369_20220303_125753,"[[1646313511.9299998, 1646313570.9299998], [1646313572.9299998, 1646313782.9299998], [1646314027.929, 1646314081.929], [1646314331.931, 1646314388.931], [1646314460.931, 1646315150.9299998], [1646315216.9299998, 1646315695.9299998]]"
0,FH2467_20220301_112912,"[[1646134229.078, 1646134530.077], [1646134589.077, 1646135300.077]]"
0,FM1073_20220214_151014,"[[1644851545.075, 1644851684.075], [1644852981.074, 1644853221.074], [1644853222.078, 1644853889.077], [1644853955.077, 1644854185.077]]"
0,FH2369_20220309_150600,"[[1646838795.993, 1646838996.993]]"
0,FH2369_20220310_141825,"[[1646922556.459, 1646922864.459], [1646924415.458, 1646925019.458], [1646925087.458, 1646925493.457]]"
0,FH2467_20220308_063505,"[[1646721384.948, 1646721509.948], [1646721638.947, 1646721895.947]]"
0,FH2467_20220309_090404,"[[1646817643.9910002, 1646817686.9910002], [1646819603.035, 1646819685.035]]"
0,FH2467_20220310_093601,"[[1646907350.4899998, 1646907397.4899998]]"
0,FH2467_20220319_141835,"[[1647701661.558, 1647702076.557]]"
0,FH2467_20220319_110739,"[[1647688229.5619998, 1647689045.5609999]]"
0,FM1073_20220228_165059,"[[1646067532.0579998, 1646067938.0579998]]"
0,FM1073_20220301_194726,"[[1646165815.0579998, 1646165853.0579998]]"
0,FM1073_20220303_101258,"[[1646302386.071, 1646303082.071]]"
0,FM1073_20220302_113804,"[[1646221190.05, 1646221205.05]]"
0,FM1073_20220304_072756,"[[1646378884.078, 1646379288.078], [1646379538.078, 1646379633.078]]"
0,FM1073_20220304_091141,"[[1646385109.099, 1646385947.099]]"
0,FM1073_20220303_103112,"[[1646303481.053, 1646304155.053]]"
0,FM1073_20220310_085027,"[[1646902876.079, 1646903328.079]]"
0,FH2467_20220321_120434,"[[1647867225.6579998, 1647867884.6569998], [1647867885.683, 1647867910.683]]"
0,FM1073_20220317_105254,"[[1647517719.075, 1647517980.075]]"
0,FM1073_20220318_131835,"[[1647611334.056, 1647613046.0540001]]"
0,UDM523_20220304_044232,"[[1646369567.726, 1646370759.724], [1646370760.726, 1646371687.725], [1646371739.725, 1646372269.725]]"
0,FH2467_20220328_094423,"[[1648461647.1390002, 1648461843.1390002], [1648461882.1390002, 1648462000.1390002], [1648462726.168, 1648462861.168], [1648463131.167, 1648463397.167]]"
0,FH2467_20220328_130130,"[[1648472624.044, 1648472941.044], [1648473742.043, 1648474041.043], [1648474262.0419998, 1648474302.0419998]]"
0,FH2467_20220328_180325,"[[1648490642.264, 1648490693.264], [1648490877.264, 1648490956.264], [1648492159.263, 1648492230.262]]"
0,FH2467_20220401_072328,"[[1648797820.2979999, 1648797836.2979999], [1648798157.2979999, 1648798185.2979999], [1648798582.297, 1648798602.297], [1648798773.297, 1648798790.297], [1648799492.297, 1648799562.296]]"
0,FH2467_20220401_133533,"[[1648820245.627, 1648820686.627]]"
0,FH2467_20220402_115340,"[[1648900914.0249999, 1648901105.0249999], [1648901287.0249999, 1648901341.0249999], [1648902502.038, 1648902555.038]]"
0,FH2369_20220404_143703,"[[1649083456.136, 1649083529.136], [1649083661.136, 1649084182.135]]"
0,FH2467_20220405_143955,"[[1649173408.523, 1649173678.523]]"
0,FH2467_20220407_150554,"[[1649343966.349, 1649344077.348]]"
0,FH2467_20220411_144129,"[[1649688364.0019999, 1649689050.001]]"
0,FH2467_20220404_154237,"[[1649089881.3539999, 1649090178.3539999]]"
0,FH2467_20220404_174252,"[[1649094246.191, 1649094712.191], [1649094790.191, 1649095061.19], [1649095140.19, 1649095306.19], [1649095491.19, 1649095607.19]]"
0,FM1073_20220401_130632,"[[1648820919.094, 1648821132.094]]"
0,FM1073_20220412_040432,"[[1649738395.064, 1649738454.064], [1649738480.064, 1649738840.064], [1649738936.064, 1649739178.063], [1649739207.063, 1649739302.063]]"
0,FM1073_20220414_093500,"[[1649931890.057, 1649932021.057], [1649932077.057, 1649932384.056]]"
0,FH2467_20220428_095303,"[[1651141214.666, 1651141251.666], [1651142248.711, 1651142292.711], [1651144642.7, 1651144751.7], [1651144812.7, 1651144994.7], [1651144995.721, 1651145738.72], [1651145767.72, 1651146794.719], [1651146795.761, 1651147101.76]]"
0,FM1073_20220420_132127,"[[1650461001.064, 1650461170.064]]"
0,FM1073_20220421_175845,"[[1650563932.084, 1650563992.084]]"
0,FM1073_20220429_061736,"[[1651213558.078, 1651214773.077]]"
0,FM1073_20220430_110156,"[[1651317092.0830002, 1651317294.0830002], [1651317331.0830002, 1651317592.0830002], [1651317705.0830002, 1651318322.0819998], [1651318323.069, 1651318619.068]]"
0,UDM523_20220324_180027,"[[1648146627.1580002, 1648146634.1580002], [1648146957.1929998, 1648146999.1929998], [1648148080.192, 1648148402.192]]"
0,UDM523_20220404_061417,"[[1649056396.815, 1649056464.815]]"
0,UDM523_20220405_021236,"[[1649125200.501, 1649126381.5], [1649126407.499, 1649126563.499], [1649126564.503, 1649127844.501]]"
0,FM1073_20220502_140336,"[[1651500323.085, 1651501939.0830002]]"
0,FM1073_20220505_075438,"[[1651737285.035, 1651739037.033], [1651739121.097, 1651740069.096]]"
0,UDM523_20220329_070921,"[[1648537769.568, 1648539454.5660002], [1648539569.595, 1648539828.5939999]]"
0,UDM523_20220321_172102,"[[1647884993.8739998, 1647885069.8739998]]"
0,UDM523_20220322_185507,"[[1647975372.85, 1647977109.849], [1647978916.8620002, 1647979124.8620002]]"
0,FH2467_20220503_070012,"[[1651561342.36, 1651561617.359]]"
0,FH2467_20220505_062827,"[[1651732190.8409998, 1651732674.8409998]]"
0,FM1073_20220509_051231,"[[1652073313.1260002, 1652073670.1260002], [1652073684.1260002, 1652074125.125]]"
0,FM1073_20220516_063647,"[[1652683014.1379998, 1652684079.1369998], [1652684082.1369998, 1652684813.136], [1652684814.116, 1652686613.115]]"
0,FM1073_20220516_103118,"[[1652697199.132, 1652698884.1299999]]"
0,FM1073_20220520_041950,"[[1653020569.055, 1653020590.055], [1653020591.055, 1653020696.055], [1653020857.0540001, 1653021040.0540001], [1653021054.0540001, 1653022020.053], [1653022413.0649998, 1653023556.064], [1653023644.064, 1653023806.064], [1653023976.063, 1653023996.063]]"
0,FM1073_20220518_110841,"[[1652872811.055, 1652872956.055], [1652873488.0540001, 1652873927.0540001], [1652873928.064, 1652874412.063], [1652875516.062, 1652875631.062], [1652875632.062, 1652875725.062]]"
0,FM1073_20220610_101109,"[[1654857009.1030002, 1654857224.1030002], [1654859036.0819998, 1654859132.0819998], [1654859476.063, 1654859491.063]]"
0,FM1073_20220601_122632,"[[1654086468.132, 1654086507.132], [1654087976.131, 1654088199.131], [1654088200.078, 1654088348.078], [1654088611.077, 1654089235.077]]"
0,FM1073_20220525_035945,"[[1653451192.124, 1653452991.1230001], [1653452992.105, 1653454791.1030002], [1653454792.085, 1653454816.085]]"
0,FM1073_20220601_054638,"[[1654062589.0609999, 1654062853.06], [1654063624.06, 1654064204.059], [1654064415.063, 1654065252.062], [1654065475.062, 1654066004.062]]"
0,FH2369_20220202_150242,"[[1643815384.949, 1643815639.949], [1643815688.948, 1643815952.948], [1643816006.95, 1643816477.95], [1643816561.949, 1643817419.949]]"
0,FH2369_20220211_051139,"[[1644556336.447, 1644556749.447]]"
0,FH2467_20220203_072324,"[[1643873016.8019998, 1643873083.8019998], [1643873899.8009999, 1643874815.8], [1643875143.796, 1643875200.796]]"
0,FH2467_20220204_064553,"[[1643957366.379, 1643957495.379]]"
0,FH2369_20220211_115537,"[[1644580551.816, 1644581970.815], [1644582052.815, 1644582281.8140001], [1644582333.8140001, 1644582350.8140001], [1644582351.893, 1644583146.892], [1644583393.892, 1644583866.891]]"
0,FM1073_20220209_080440,"[[1644394141.201, 1644394473.2]]"
0,FM1073_20220218_132931,"[[1645191454.091, 1645191600.091]]"
0,FM1073_20220216_163716,"[[1645029444.096, 1645029661.096]]"
0,FH2369_20220223_124000,"[[1645621904.909, 1645622225.909], [1645623100.908, 1645623275.908], [1645627092.907, 1645627211.907]]"
0,FM1073_20220217_172144,"[[1645118512.071, 1645119100.0700002]]"
0,FM1073_20220217_081805,"[[1645085893.091, 1645086274.09]]"
0,FH2467_20220218_065915,"[[1645167834.932, 1645169366.931], [1645169367.98, 1645171166.978], [1645171167.929, 1645172375.927], [1645172769.927, 1645172966.927], [1645172967.977, 1645174766.976], [1645174767.9550002, 1645175243.9539998]]"
0,FH2467_20220228_111050,"[[1646046903.558, 1646047552.558]]"
0,FH2369_20220307_162540,"[[1646670351.876, 1646670394.876], [1646671284.875, 1646672150.8739998], [1646672463.876, 1646673291.875]]"
0,FH2369_20220308_062331,"[[1646722573.1230001, 1646722630.1230001]]"
0,FH2369_20220308_090355,"[[1646730631.165, 1646730700.165], [1646731647.164, 1646731726.164]]"
0,FH2369_20220308_115616,"[[1646740920.528, 1646740961.528], [1646740978.528, 1646741509.528], [1646743176.528, 1646743231.527], [1646743233.527, 1646743295.527]]"
0,FH2369_20220311_064001,"[[1646981892.1990001, 1646981918.1990001]]"
0,FH2467_20220307_114942,"[[1646656489.099, 1646656956.0979998], [1646657216.0979998, 1646657394.0979998]]"
0,FH2467_20220309_064427,"[[1646808351.278, 1646808644.278], [1646808749.278, 1646809018.278], [1646809086.278, 1646809186.277]]"
0,FH2467_20220315_062223,"[[1647325552.865, 1647325630.865], [1647325821.865, 1647325993.865], [1647327255.869, 1647327412.869]]"
0,FH2467_20220316_062803,"[[1647412259.443, 1647412314.442], [1647412587.442, 1647412714.442]]"
0,FH2467_20220318_084016,"[[1647593172.389, 1647593259.389]]"
0,FH2467_20220318_134325,"[[1647613247.0830002, 1647613891.0830002]]"
0,FM1073_20220301_151939,"[[1646148061.095, 1646148128.095]]"
0,FH2467_20220317_121448,"[[1647521084.2540002, 1647521099.2540002], [1647521823.231, 1647522333.231]]"
0,FM1073_20220303_082417,"[[1646295865.017, 1646296045.017]]"
0,FM1073_20220303_110503,"[[1646305511.1009998, 1646305796.1009998], [1646305823.1, 1646306208.1], [1646307128.099, 1646307167.099], [1646307201.099, 1646307310.099], [1646307313.079, 1646307955.078]]"
0,FM1073_20220302_122052,"[[1646223660.078, 1646224486.077]]"
0,FM1073_20220303_184450,"[[1646333098.091, 1646333999.09]]"
0,FM1073_20220314_144353,"[[1647269394.089, 1647269491.089]]"
0,FH2467_20220322_074125,"[[1647935500.851, 1647936131.85]]"
0,FH2467_20220323_061552,"[[1648016224.701, 1648017060.701]]"
0,FH2467_20220323_121604,"[[1648040286.012, 1648041375.0110002]]"
0,FH2467_20220325_075126,"[[1648195037.4329998, 1648195495.4329998], [1648196728.416, 1648196858.415], [1648198160.414, 1648198240.414], [1648198321.428, 1648198324.428]]"
0,FH2369_20220322_091248,"[[1647942591.5219998, 1647942809.5219998], [1647943632.521, 1647943979.52], [1647943980.5219998, 1647944874.521], [1647944945.521, 1647945124.521]]"
0,FH2467_20220329_134913,"[[1648562074.983, 1648562200.983], [1648562264.983, 1648562409.982]]"
0,FH2467_20220402_075129,"[[1648886782.835, 1648886819.835], [1648887223.835, 1648887248.835], [1648888287.885, 1648888314.885], [1648889259.884, 1648889342.884]]"
0,FH2369_20220405_050545,"[[1649135709.309, 1649136262.309], [1649136852.308, 1649136868.308], [1649137115.2510002, 1649137414.2510002], [1649137640.2510002, 1649137678.2499998]]"
0,FH2369_20220407_071005,"[[1649315522.4220002, 1649315604.4220002]]"
0,FH2467_20220405_064154,"[[1649142110.676, 1649142667.675], [1649143239.663, 1649143292.663], [1649143357.663, 1649143791.663]]"
0,FH2467_20220406_151859,"[[1649260438.579, 1649260474.579]]"
0,FH2467_20220405_074606,"[[1649145026.959, 1649145364.959], [1649146980.921, 1649147142.921]]"
0,FH2467_20220408_105854,"[[1649415553.5619998, 1649416202.5609999], [1649418370.533, 1649418486.533], [1649418505.533, 1649419028.533], [1649419079.533, 1649419144.533]]"
0,FM1073_20220325_165409,"[[1648230205.0670002, 1648230855.066]]"
0,FM1073_20220328_144530,"[[1648479280.0470002, 1648479390.0470002]]"
0,FM1073_20220401_140739,"[[1648823607.06, 1648823700.06], [1648824146.028, 1648824215.028]]"
0,FM1073_20220405_071948,"[[1649144014.069, 1649144193.069]]"
0,FM1073_20220405_093959,"[[1649152485.064, 1649152811.064], [1649153130.063, 1649153405.063], [1649153406.043, 1649154094.0419998]]"
0,FM1073_20220405_114301,"[[1649162493.094, 1649162587.094]]"
0,FM1073_20220331_160818,"[[1648743552.04, 1648743676.04], [1648745622.041, 1648746503.04]]"
0,FH2369_20220329_135632,"[[1648564398.577, 1648564701.577]]"
0,FH2369_20220330_053221,"[[1648619940.598, 1648620151.598], [1648620153.641, 1648621951.64]]"
0,FH2467_20220413_115237,"[[1649850891.2649999, 1649851417.264], [1649851443.264, 1649852588.263], [1649852588.725, 1649853564.725]]"
0,FH2467_20220428_120212,"[[1651147612.775, 1651149142.7740002], [1651149143.826, 1651150344.824], [1651150532.824, 1651150787.824]]"
0,FM1073_20220420_110641,"[[1650452861.077, 1650453692.076], [1650453833.076, 1650453918.076], [1650453968.076, 1650454068.076]]"
0,FM1073_20220422_092837,"[[1650621855.059, 1650622078.059], [1650622174.059, 1650622199.059]]"
0,FM1073_20220426_123428,"[[1650979423.0819998, 1650979573.0819998]]"
0,FM1073_20220426_102753,"[[1650972070.0819998, 1650972479.0809999]]"
0,FM1073_20220426_113212,"[[1650972800.0579998, 1650974538.057]]"
0,FM1073_20220427_081010,"[[1651049295.072, 1651050617.0700002]]"
0,FM1073_20220430_100005,"[[1651315149.078, 1651315616.077], [1651315743.077, 1651316075.077]]"
0,UDM523_20220323_181639,"[[1648061191.9580002, 1648061205.9580002], [1648061711.996, 1648061754.996], [1648062727.9950001, 1648062974.994]]"
0,UDM523_20220324_171521,"[[1648144230.6430001, 1648144391.6430001]]"
0,UDM523_20220404_000036,"[[1649033762.253, 1649034075.253]]"
0,UDM523_20220404_020428,"[[1649037876.804, 1649038199.804]]"
0,UDM523_20220404_010219,"[[1649034147.097, 1649035272.096], [1649035670.095, 1649035946.095], [1649035947.108, 1649037746.106]]"
0,FM1073_20220502_110648,"[[1651489615.022, 1651490671.021], [1651490719.021, 1651491414.02], [1651491415.0870001, 1651493214.085]]"
0,FM1073_20220502_165935,"[[1651512994.0110002, 1651513287.0110002], [1651513338.0110002, 1651513482.0110002]]"
0,FM1073_20220503_090039,"[[1651571298.028, 1651571427.028]]"
0,FM1073_20220503_123952,"[[1651582618.074, 1651583398.073], [1651583400.032, 1651584186.0310001]]"
0,FM1073_20220504_104627,"[[1651661194.032, 1651662993.0300002], [1651662994.0819998, 1651664397.08], [1651667395.0460002, 1651668393.0449998], [1651668395.073, 1651670193.071], [1651670194.089, 1651671169.088]]"
0,UDM523_20220328_231653,"[[1648510234.463, 1648511219.4620001]]"
0,UDM523_20220331_081123,"[[1648714291.705, 1648714875.705]]"
0,UDM523_20220315_054419,"[[1647323156.049, 1647323408.049], [1647323470.049, 1647324866.048]]"
0,UDM523_20220317_080241,"[[1647504169.135, 1647505126.134]]"
0,UDM523_20220322_131748,"[[1647955157.062, 1647956760.0609999], [1647958590.0609999, 1647958676.0609999]]"
0,FH2467_20220502_151721,"[[1651508869.107, 1651509204.107], [1651509205.107, 1651509529.106]]"
0,FH2467_20220503_154346,"[[1651596883.241, 1651596912.241], [1651597046.241, 1651597307.24], [1651597448.24, 1651597723.24], [1651597976.24, 1651598006.24]]"
0,FH2467_20220502_104825,"[[1651488768.051, 1651489001.05], [1651492201.049, 1651492214.049]]"
0,FH2467_20220502_115129,"[[1651495441.133, 1651495900.133]]"
0,FH2467_20220504_142138,"[[1651674158.688, 1651675277.687], [1651676792.733, 1651676833.733], [1651676899.733, 1651677709.732], [1651677710.6950002, 1651678448.6940002], [1651678547.6940002, 1651679248.6929998]]"
0,FM1073_20220511_073407,"[[1652254454.104, 1652254895.1030002]]"
0,FM1073_20220514_100739,"[[1652522867.1020002, 1652524666.1], [1652524667.116, 1652526466.1139998]]"
0,FM1073_20220516_183109,"[[1652725876.1230001, 1652726099.122]]"
0,FM1073_20220517_102202,"[[1652782929.044, 1652782940.044]]"
0,FM1073_20220608_061249,"[[1654668776.056, 1654669239.055]]"
0,FM1073_20220615_125722,"[[1655298253.036, 1655299370.035]]"
0,FM1073_20220601_040711,"[[1654056670.068, 1654056874.068], [1654057730.0670002, 1654058104.066]]"
0,FM1073_20220602_102744,"[[1654167663.0870001, 1654168343.0870001], [1654168387.0870001, 1654168707.0860002]]"
0,UDM523_20220427_015039,"[[1651024261.425, 1651024907.424], [1651025053.424, 1651026045.423], [1651026047.437, 1651027706.4350002], [1651027765.4350002, 1651027846.4350002]]"
0,FM1073_20220531_113016,"[[1653998931.1299999, 1653999518.1299999], [1654000188.129, 1654000215.129], [1654000223.128, 1654000247.128]]"
0,FM1073_20220603_103749,"[[1654252676.057, 1654252867.057], [1654253467.056, 1654254384.056]]"
0,FM1073_20220604_060348,"[[1654324029.071, 1654324111.071], [1654324175.071, 1654324188.071], [1654325661.119, 1654326020.119]]"
0,FH2369_20220131_094014,"[[1643622403.8899999, 1643622758.889], [1643623483.888, 1643623825.888], [1643624071.839, 1643625625.837], [1643625626.789, 1643626609.789]]"
0,FH2369_20220202_124801,"[[1643806093.516, 1643806492.515], [1643807541.514, 1643807605.514], [1643807725.514, 1643807820.514], [1643807915.516, 1643808168.515], [1643808203.515, 1643809299.514], [1643812200.515, 1643812397.515], [1643813046.514, 1643813292.514]]"
0,FH2369_20220202_073936,"[[1643787727.079, 1643788470.078], [1643790307.078, 1643790334.078], [1643790364.078, 1643791142.077], [1643792186.079, 1643792987.078], [1643792988.079, 1643793729.078], [1643795004.079, 1643795064.078]]"
0,FH2369_20220208_085612,"[[1644313383.595, 1644313658.595], [1644314424.596, 1644314579.596]]"
0,FH2467_20220201_113709,"[[1643715855.1790001, 1643716188.178], [1643716236.178, 1643716801.178], [1643718401.1369998, 1643718477.1369998], [1643719042.172, 1643720114.171]]"
0,FH2467_20220202_052559,"[[1643781534.636, 1643781893.635], [1643783169.6339998, 1643783170.6339998], [1643783171.616, 1643784526.615]]"
0,FH2467_20220203_081137,"[[1643875909.572, 1643875929.572]]"
0,FH2467_20220203_123911,"[[1643891963.4689999, 1643892983.468]]"
0,FH2467_20220204_124134,"[[1643980208.9750001, 1643980304.9740002], [1643980305.981, 1643980486.98]]"
0,FH2467_20220209_101950,"[[1644404417.948, 1644405353.947], [1644405364.947, 1644405601.947], [1644405602.982, 1644407401.98], [1644407402.949, 1644408247.948], [1644408598.947, 1644409201.947], [1644409202.979, 1644410771.977]]"
0,FH2467_20220209_125351,"[[1644411716.764, 1644412139.764], [1644412753.763, 1644413042.763], [1644415290.772, 1644416642.7710001], [1644416643.7779999, 1644417397.777]]"
0,FH2467_20220210_065347,"[[1644476394.992, 1644476429.992], [1644479163.99, 1644479452.99]]"
0,FH2369_20220211_154314,"[[1644594205.831, 1644595894.8300002]]"
0,FM1073_20220208_122332,"[[1644327174.1, 1644327855.099]]"
0,FH2369_20220218_081059,"[[1645172221.279, 1645172395.279]]"
0,FH2369_20220225_074959,"[[1645776241.519, 1645776293.519], [1645783180.4190001, 1645783303.4190001]]"
0,FH2369_20220303_105814,"[[1646306508.754, 1646306904.753], [1646307182.755, 1646307435.754], [1646307904.754, 1646308229.754], [1646308280.754, 1646308704.753], [1646308705.755, 1646309042.755]]"
0,FM1073_20220214_183810,"[[1644865315.1030002, 1644865464.1030002]]"
0,FM1073_20220216_113640,"[[1645013429.022, 1645013825.021]]"
0,FM1073_20220217_121913,"[[1645100361.0819998, 1645100745.0809999]]"
0,FH2467_20220219_094900,"[[1645264154.577, 1645265953.575], [1645265954.5089998, 1645267602.508], [1645267674.508, 1645267753.508], [1645267754.558, 1645268939.557]]"
0,FH2467_20220221_055815,"[[1645423108.317, 1645423226.317]]"
0,FH2467_20220221_071450,"[[1645427703.742, 1645429502.74], [1645429503.6899998, 1645430640.689]]"
0,FH2369_20220307_153352,"[[1646667757.582, 1646667850.582], [1646669877.582, 1646670146.582]]"
0,FH2369_20220308_105704,"[[1646740286.744, 1646740292.744]]"
0,FH2369_20220310_093414,"[[1646904865.6590002, 1646905284.6590002], [1646906681.6590002, 1646906887.6590002]]"
0,FH2467_20220307_065123,"[[1646636134.488, 1646636949.487], [1646637659.487, 1646637694.487], [1646638483.4950001, 1646638802.4940002], [1646638845.4940002, 1646638984.4940002]]"
0,FH2467_20220308_125043,"[[1646743855.371, 1646744081.371], [1646744163.371, 1646744242.371], [1646745923.376, 1646746109.376], [1646746243.375, 1646746451.375]]"
0,FH2467_20220311_064641,"[[1646981288.263, 1646982316.262]]"
0,FH2467_20220311_092329,"[[1646990673.592, 1646990725.592], [1646994182.595, 1646994220.595]]"
0,FH2467_20220310_141604,"[[1646921831.3990002, 1646921884.3990002], [1646921927.3990002, 1646922125.3990002], [1646923027.3980002, 1646923094.3980002]]"
0,FH2467_20220317_062846,"[[1647498644.404, 1647499185.403], [1647499342.403, 1647500209.402], [1647500416.3980002, 1647500663.3980002], [1647501587.3969998, 1647502137.396]]"
0,FM1073_20220301_080820,"[[1646122821.1379998, 1646122880.1379998], [1646122882.1379998, 1646123137.1379998], [1646124401.116, 1646124557.116]]"
0,FM1073_20220303_154155,"[[1646322123.076, 1646323022.075]]"
0,FM1073_20220303_172913,"[[1646328561.041, 1646330360.04]]"
0,FM1073_20220308_163828,"[[1646757761.095, 1646758224.094]]"
0,FM1073_20220302_155213,"[[1646236697.112, 1646236764.112], [1646236767.112, 1646237030.112], [1646237208.112, 1646237237.112]]"
0,FM1073_20220303_124932,"[[1646312031.0259998, 1646312482.0259998]]"
0,FM1073_20220304_133517,"[[1646400925.0470002, 1646401097.0470002]]"
0,FM1073_20220303_183356,"[[1646332444.079, 1646332965.079]]"
0,FM1073_20220304_103105,"[[1646389873.063, 1646391446.062], [1646391514.062, 1646391672.062], [1646391673.034, 1646392394.033]]"
0,FM1073_20220315_065918,"[[1647329178.0700002, 1647329364.0700002], [1647329365.085, 1647329748.085], [1647331769.088, 1647332964.0860002], [1647332965.048, 1647334764.0470002], [1647334765.0609999, 1647335196.0609999], [1647335207.0609999, 1647335615.06], [1647335618.06, 1647336564.059], [1647336565.088, 1647338111.0870001]]"
0,FM1073_20220315_140543,"[[1647353484.0809999, 1647354677.08]]"
0,FM1073_20220316_162731,"[[1647448062.068, 1647448615.068], [1647448650.068, 1647448749.0670002]]"
0,FH2467_20220324_071924,"[[1648106499.192, 1648107814.191], [1648108746.1539998, 1648109171.1539998]]"
0,FM1073_20220316_100443,"[[1647425159.1030002, 1647425446.1030002], [1647427450.0809999, 1647427700.0809999], [1647427737.0809999, 1647428690.08], [1647428691.0609999, 1647429688.06]]"
0,FM1073_20220321_142309,"[[1647873682.078, 1647873876.078], [1647875403.059, 1647876193.0579998], [1647876196.041, 1647876222.041]]"
0,FH2467_20220329_062212,"[[1648536877.124, 1648537575.124]]"
0,FH2467_20220330_101820,"[[1648637872.9129999, 1648638054.9129999], [1648639412.9750001, 1648639580.9750001]]"
0,FH2467_20220401_081926,"[[1648801219.99, 1648801318.99], [1648801357.99, 1648801480.99], [1648805176.988, 1648805283.988]]"
0,FH2467_20220402_132657,"[[1648907346.0860002, 1648907508.0860002], [1648907638.0860002, 1648907752.0860002]]"
0,FH2467_20220402_125527,"[[1648904235.965, 1648904297.965], [1648904368.965, 1648904800.964], [1648905383.964, 1648905438.964]]"
0,FH2369_20220404_152533,"[[1649086414.432, 1649086436.432]]"
0,FH2369_20220405_134608,"[[1649169115.104, 1649169144.104]]"
0,FH2467_20220406_084406,"[[1649234760.681, 1649234768.681], [1649234803.681, 1649235051.681], [1649237019.7150002, 1649237250.7150002], [1649237396.714, 1649237641.714]]"
0,FH2467_20220407_101253,"[[1649327251.431, 1649328185.43], [1649328186.415, 1649328646.415], [1649329114.414, 1649329259.414], [1649330457.4350002, 1649330608.4350002]]"
0,FM1073_20220325_141236,"[[1648217563.032, 1648219117.0300002]]"
0,FM1073_20220329_172328,"[[1648575074.0609999, 1648575209.0609999], [1648575279.0609999, 1648575617.06]]"
0,FM1073_20220331_080855,"[[1648715465.0140002, 1648715526.0140002], [1648716177.1020002, 1648716633.1020002], [1648716889.1020002, 1648717284.1009998]]"
0,FM1073_20220401_124209,"[[1648817397.093, 1648817575.093], [1648817606.093, 1648818029.092]]"
0,FM1073_20220406_104641,"[[1649243212.063, 1649243775.063], [1649243807.057, 1649244573.056], [1649245663.093, 1649245751.093], [1649246012.092, 1649246610.092]]"
0,FH2369_20220314_180958,"[[1647284557.543, 1647284654.543], [1647284670.543, 1647284711.543], [1647284943.445, 1647285115.445]]"
0,FH2369_20220315_093043,"[[1647339370.5649998, 1647339408.5649998], [1647340211.564, 1647340254.564]]"
0,FH2369_20220317_125421,"[[1647525937.1529999, 1647527072.152], [1647527073.1539998, 1647527778.1529999]]"
0,FH2369_20220318_131131,"[[1647610808.12, 1647610901.12]]"
0,FH2369_20220328_075521,"[[1648464185.09, 1648464413.09], [1648464977.089, 1648465561.089], [1648466048.059, 1648466335.059]]"
0,FH2369_20220331_160132,"[[1648742593.1430001, 1648742903.1430001]]"
0,FH2467_20220421_090426,"[[1650531878.849, 1650532208.849], [1650532243.849, 1650533114.848], [1650533225.848, 1650533397.848]]"
0,FM1073_20220409_060942,"[[1649486388.016, 1649486483.015], [1649486885.015, 1649488187.0140002], [1649488188.095, 1649488215.095]]"
0,FM1073_20220413_065515,"[[1649832948.0609999, 1649833171.0609999], [1649833221.0609999, 1649833823.0609999], [1649835676.0809999, 1649835802.08], [1649835843.08, 1649836394.08]]"
0,FH2467_20220425_123231,"[[1650890872.689, 1650891021.689]]"
0,FM1073_20220422_110503,"[[1650626351.129, 1650626848.128]]"
0,FM1073_20220428_062702,"[[1651129991.0830002, 1651130122.0830002], [1651130123.0830002, 1651130374.0819998]]"
0,FM1073_20220429_102836,"[[1651228195.055, 1651228778.055], [1651230379.043, 1651230417.043], [1651231228.043, 1651231488.0419998], [1651231548.0419998, 1651231722.0419998]]"
0,UDM523_20220308_111319,"[[1646739608.4329998, 1646739792.432]]"
0,UDM523_20220311_105446,"[[1646997710.761, 1646997893.761]]"
0,UDM523_20220310_171553,"[[1646935621.155, 1646936044.155]]"
0,UDM523_20220323_192207,"[[1648064860.9129999, 1648064974.9129999], [1648066929.922, 1648066931.922]]"
0,UDM523_20220404_071525,"[[1649056534.339, 1649057950.337]]"
0,UDM523_20220316_031142,"[[1647400354.1929998, 1647400470.1929998]]"
0,FH2467_20220503_075000,"[[1651565802.967, 1651565870.967], [1651567065.9859998, 1651567216.985]]"
0,FH2467_20220504_101056,"[[1651659481.7710001, 1651660234.77]]"
0,FH2369_20220511_115824,"[[1652270370.007, 1652272119.006], [1652272120.041, 1652273795.039], [1652273818.039, 1652273919.039], [1652273920.033, 1652275719.0310001], [1652275720.05, 1652277104.049], [1652277279.048, 1652277519.048], [1652277520.057, 1652278912.055]]"
0,FM1073_20220509_132733,"[[1652102860.0819998, 1652102974.0819998]]"
0,FM1073_20220510_091152,"[[1652173918.09, 1652174009.09], [1652174010.09, 1652174235.09], [1652174257.09, 1652175717.089], [1652175718.1, 1652177517.0979998]]"
0,FM1073_20220511_100147,"[[1652263315.091, 1652263395.091], [1652263427.091, 1652265114.089], [1652265115.068, 1652266914.066]]"
0,FM1073_20220511_135400,"[[1652277273.0310001, 1652278915.029]]"
0,FM1073_20220516_074325,"[[1652687012.051, 1652688202.05]]"
0,FM1073_20220607_114541,"[[1654602349.078, 1654604147.076], [1654604186.08, 1654604601.08]]"
0,FM1073_20220608_075632,"[[1654675310.094, 1654675579.094], [1654676907.033, 1654677078.033]]"
0,FM1073_20220610_074920,"[[1654848489.1390002, 1654848626.1390002]]"
0,FM1073_20220613_123835,"[[1655125554.071, 1655125709.071]]"
0,FM1073_20220524_075140,"[[1653379418.1139998, 1653380506.113], [1653380507.131, 1653381115.1299999]]"
0,FM1073_20220602_033834,"[[1654141225.0819998, 1654141504.0819998], [1654142651.08, 1654142825.08]]"
0,UDM523_20220607_012116,"[[1654564956.299, 1654566003.2979999]]"
0,FH2369_20220609_104117,"[[1654771288.697, 1654771641.696], [1654772572.6950002, 1654772798.6950002], [1654773702.738, 1654773883.738], [1654777554.721, 1654778394.72]]"
0,FH2369_20220131_123506,"[[1643632776.443, 1643633404.442]]"
0,FH2369_20220203_075722,"[[1643875053.276, 1643876316.275], [1643877318.276, 1643877388.276]]"
0,FH2369_20220201_072701,"[[1643702691.496, 1643702808.496], [1643704623.496, 1643705125.4950001]]"
0,FH2369_20220209_122346,"[[1644409656.125, 1644410964.124]]"
0,FH2467_20220204_092744,"[[1643966876.725, 1643967472.724]]"
0,FH2467_20220201_132919,"[[1643723595.992, 1643723697.992], [1643723948.992, 1643723969.992], [1643724569.0019999, 1643724700.0019999], [1643726005.017, 1643726047.017], [1643726567.017, 1643727099.016]]"
0,FH2467_20220203_115845,"[[1643889669.811, 1643889715.811], [1643889801.811, 1643891337.809]]"
0,FH2467_20220203_134458,"[[1643895910.86, 1643897646.859], [1643897710.8409998, 1643898215.8409998]]"
0,FH2369_20220211_150844,"[[1644592572.3630002, 1644593935.362]]"
0,FH2369_20220218_123648,"[[1645187819.915, 1645188627.9139998], [1645190064.915, 1645190152.915]]"
0,FH2369_20220218_062552,"[[1645165728.7350001, 1645166083.7350001], [1645166191.7350001, 1645166656.7340002]]"
0,FH2369_20220222_083152,"[[1645518724.591, 1645518923.591], [1645519236.591, 1645519338.591]]"
0,FH2369_20220223_070122,"[[1645600636.431, 1645601493.43], [1645601494.431, 1645602189.431], [1645604172.431, 1645604392.43], [1645604408.43, 1645604609.43], [1645604622.43, 1645604935.43], [1645609232.4329998, 1645609302.4329998], [1645612918.4380002, 1645612978.4380002]]"
0,FH2467_20220303_102531,"[[1646305037.5310001, 1646305093.53], [1646305947.53, 1646306149.529]]"
0,FM1073_20220215_163429,"[[1644942942.0830002, 1644943610.0819998], [1644943775.0819998, 1644943796.0819998], [1644945654.0860002, 1644946026.0860002]]"
0,FM1073_20220216_161346,"[[1645028110.095, 1645029018.094], [1645029075.094, 1645029270.094]]"
0,FM1073_20220216_171820,"[[1645032391.092, 1645032457.091]]"
0,FM1073_20220218_111334,"[[1645182822.0649998, 1645182909.0649998]]"
0,FH2467_20220219_070849,"[[1645254772.461, 1645256340.459], [1645256341.4620001, 1645258140.461], [1645258141.4499998, 1645259940.449], [1645259941.449, 1645261740.447], [1645261741.443, 1645262216.443], [1645262329.443, 1645263540.442], [1645263541.448, 1645263969.448]]"
0,FH2369_20220308_071733,"[[1646723980.61, 1646724410.61], [1646724458.61, 1646724489.61]]"
0,FH2467_20220304_115024,"[[1646398262.429, 1646398282.429]]"
0,FH2467_20220307_081512,"[[1646641163.94, 1646641437.94]]"
0,FH2467_20220307_130603,"[[1646658995.069, 1646659275.068], [1646659355.068, 1646659824.068]]"
0,FH2467_20220309_132742,"[[1646833136.0649998, 1646834069.064]]"
0,FH2467_20220309_141415,"[[1646837397.169, 1646838293.168]]"
0,FH2467_20220315_083004,"[[1647336562.273, 1647336615.273], [1647336616.237, 1647336640.237]]"
0,FH2467_20220316_093451,"[[1647423862.965, 1647424476.965], [1647424916.964, 1647425101.964], [1647425102.941, 1647425521.94], [1647426059.94, 1647426227.94]]"
0,FH2467_20220318_073653,"[[1647589789.647, 1647590284.6460001], [1647590825.696, 1647592624.6950002]]"
0,FM1073_20220228_091945,"[[1646040298.1230001, 1646040359.1230001], [1646042935.127, 1646043139.1260002]]"
0,FM1073_20220228_153711,"[[1646065279.069, 1646065687.068]]"
0,FH2467_20220319_082733,"[[1647679883.966, 1647680066.966]]"
0,FM1073_20220302_120415,"[[1646223360.073, 1646223507.073]]"
0,FM1073_20220303_130547,"[[1646312755.0700002, 1646313490.069]]"
0,FM1073_20220303_195908,"[[1646337556.0700002, 1646338144.069]]"
0,FM1073_20220304_115436,"[[1646394884.099, 1646395373.099]]"
0,FM1073_20220302_091424,"[[1646212473.1, 1646212911.1]]"
0,FM1073_20220304_111804,"[[1646392692.068, 1646392869.068]]"
0,FM1073_20220304_074636,"[[1646380004.06, 1646381803.059], [1646381804.04, 1646382480.039]]"
0,FM1073_20220304_060734,"[[1646374062.09, 1646375861.088], [1646375862.0870001, 1646377073.0860002]]"
0,FM1073_20220310_131537,"[[1646918230.115, 1646919943.1139998], [1646920200.093, 1646920517.093], [1646920527.093, 1646921743.092]]"
0,FM1073_20220315_053232,"[[1647322484.077, 1647322782.077], [1647323557.076, 1647324062.076]]"
0,FH2467_20220321_130554,"[[1647867966.0579998, 1647868605.057]]"
0,FH2467_20220321_152118,"[[1647878627.833, 1647879157.832]]"
0,FM1073_20220322_131300,"[[1647955024.1, 1647955527.1], [1647956669.0819998, 1647956934.0809999]]"
0,FM1073_20220322_153653,"[[1647963735.068, 1647963776.068], [1647964492.068, 1647964690.0670002], [1647964824.0670002, 1647965182.0670002]]"
0,FM1073_20220323_143547,"[[1648047515.06, 1648047783.06]]"
0,UDM523_20220304_054223,"[[1646373068.2910001, 1646373550.29]]"
0,FH2369_20220325_104143,"[[1648204919.256, 1648206045.255], [1648206142.255, 1648206370.2540002]]"
0,FH2369_20220325_154351,"[[1648223042.5830002, 1648224841.5809999], [1648224842.6060002, 1648226641.604]]"
0,FH2467_20220328_104605,"[[1648465670.819, 1648465798.819], [1648466016.819, 1648466120.819], [1648467100.803, 1648467292.8019998], [1648467468.8019998, 1648467587.8019998]]"
0,FH2467_20220402_060530,"[[1648879709.064, 1648880480.063], [1648883103.01, 1648883141.01]]"
0,FH2369_20220407_062841,"[[1649313984.7500002, 1649314150.7500002], [1649314238.7500002, 1649314731.7489998], [1649314732.793, 1649315214.793]]"
0,FH2369_20220407_085204,"[[1649324252.881, 1649324607.881]]"
0,FH2467_20220404_111648,"[[1649072134.925, 1649072153.925], [1649072543.925, 1649072557.925], [1649072857.85, 1649072884.85]]"
0,FH2467_20220404_130618,"[[1649078034.476, 1649078084.476], [1649078148.476, 1649078596.476], [1649079199.4750001, 1649079257.4750001]]"
0,FH2467_20220405_094928,"[[1649154041.445, 1649154202.445], [1649155581.444, 1649155775.444]]"
0,FH2467_20220407_132119,"[[1649337691.2150002, 1649339218.2140002], [1649339788.2499998, 1649339823.2499998]]"
0,FH2467_20220408_081303,"[[1649405679.043, 1649406385.043]]"
0,FH2467_20220411_060847,"[[1649659267.664, 1649659415.663], [1649659460.663, 1649659747.663], [1649659777.663, 1649660223.663], [1649660284.663, 1649660938.6620002]]"
0,FM1073_20220324_161756,"[[1648140846.08, 1648142145.079]]"
0,FM1073_20220325_152232,"[[1648222041.0819998, 1648222053.0819998], [1648222694.0809999, 1648223177.0809999], [1648223229.0809999, 1648223552.08], [1648223559.05, 1648223667.049]]"
0,FM1073_20220329_101904,"[[1648551487.0979998, 1648552044.0979998], [1648552159.097, 1648552300.097]]"
0,FM1073_20220329_124846,"[[1648558269.074, 1648558347.073], [1648560500.016, 1648560541.016]]"
0,FH2369_20220314_184538,"[[1647285464.501, 1647285902.5], [1647289145.501, 1647289512.5]]"
0,FH2369_20220315_103419,"[[1647340470.726, 1647340610.726], [1647340659.726, 1647341962.724], [1647344907.625, 1647344990.625], [1647345026.625, 1647345869.624], [1647346746.625, 1647346798.625], [1647348185.625, 1647348274.625], [1647349720.626, 1647350316.625], [1647350360.625, 1647350474.625]]"
0,FH2369_20220317_095236,"[[1647511917.121, 1647512043.121], [1647512533.12, 1647512566.12], [1647513082.122, 1647513487.121]]"
0,FH2369_20220330_071811,"[[1648624838.626, 1648625075.626], [1648625478.626, 1648625735.625]]"
0,FH2369_20220401_054352,"[[1648793470.744, 1648793642.744]]"
0,FH2467_20220420_040435,"[[1650428087.436, 1650428415.4350002], [1650428750.4350002, 1650429004.4350002]]"
0,FM1073_20220409_101014,"[[1649501894.0609999, 1649502251.06], [1649502548.06, 1649502620.06]]"
0,FH2467_20220428_070016,"[[1651135200.248, 1651136334.247]]"
0,FM1073_20220420_121016,"[[1650459535.1, 1650459919.1]]"
0,FM1073_20220421_165244,"[[1650560029.0819998, 1650560886.0819998]]"
0,FM1073_20220427_091149,"[[1651050716.077, 1651051628.076]]"
0,FM1073_20220430_053632,"[[1651297000.075, 1651297046.075]]"
0,UDM523_20220324_140150,"[[1648131005.776, 1648131047.776], [1648132116.775, 1648132317.775], [1648132870.7089999, 1648132909.7089999], [1648133914.708, 1648134117.708]]"
0,UDM523_20220324_161328,"[[1648140216.676, 1648141918.6739998]]"
0,FM1073_20220502_120805,"[[1651493292.095, 1651495091.094], [1651495092.072, 1651496682.071], [1651496745.0700002, 1651496891.0700002]]"
0,FM1073_20220504_043933,"[[1651639269.134, 1651639381.134], [1651639542.134, 1651639870.134]]"
0,FM1073_20220505_133451,"[[1651758934.1100001, 1651759277.109]]"
0,UDM523_20220315_043016,"[[1647318637.5619998, 1647318797.5619998], [1647320817.5340002, 1647320866.5340002], [1647321036.533, 1647321155.533], [1647321178.533, 1647322212.532], [1647322256.533, 1647322984.532]]"
0,UDM523_20220321_135946,"[[1647871340.7299998, 1647872993.728]]"
0,UDM523_20220322_171852,"[[1647971057.582, 1647971269.582], [1647972968.5939999, 1647973138.5939999]]"
0,FH2467_20220502_094202,"[[1651485309.54, 1651486024.54]]"
0,FH2467_20220503_144449,"[[1651590056.691, 1651590163.691], [1651590235.691, 1651590745.6899998]]"
0,FM1073_20220510_080424,"[[1652169871.097, 1652170474.096], [1652170508.096, 1652170899.096], [1652170929.096, 1652171121.096], [1652171177.096, 1652171632.095], [1652171649.095, 1652171670.095], [1652171671.088, 1652173339.0870001], [1652173363.0870001, 1652173470.0870001]]"
0,FM1073_20220510_123343,"[[1652188503.032, 1652189076.032]]"
0,FM1073_20220511_054839,"[[1652248170.051, 1652249164.05]]"
0,FM1073_20220511_110259,"[[1652266985.089, 1652267193.089]]"
0,FM1073_20220511_130334,"[[1652274220.092, 1652276019.091], [1652276020.095, 1652277096.094]]"
0,FM1073_20220514_183713,"[[1652553440.066, 1652553545.066]]"
0,FM1073_20220517_131130,"[[1652793510.1100001, 1652794896.108], [1652794897.122, 1652795148.121]]"
0,FM1073_20220607_104400,"[[1654598752.097, 1654600271.095], [1654600309.095, 1654600446.095], [1654601336.071, 1654601736.0700002], [1654602191.0700002, 1654602246.0700002]]"
0,FM1073_20220608_091553,"[[1654679798.107, 1654680430.106]]"
0,UDM523_20220426_031441,"[[1650945311.6060002, 1650945808.605], [1650945888.605, 1650946014.605]]"
0,FM1073_20220531_050118,"[[1653973285.091, 1653973298.091], [1653973547.091, 1653973650.091]]"
0,FM1073_20220531_134935,"[[1654005005.1369998, 1654005061.1369998], [1654005146.136, 1654006781.135], [1654006782.118, 1654007607.1169999]]"
